chr_code,kendall_cor,kendall_p,DIR
Physical Environment,0.4185439904480837,0.012696646707084331,Destructive
Other Prim Care Prov Rate,-0.2724570203305637,0.08751575869770771,Protective
Adult Obesity,-0.30678102424517695,0.05568559991541298,Protective
Graduation Rate,-0.3262667427157852,0.04510023077204141,Protective
Low Birthweight,-0.3312701816785583,0.06029860685520359,Protective
Prev Hospital Stays,-0.3524776098093835,0.08551052263941814,Protective
