chr_code,kendall_cor,kendall_p,DIR
HIV Prevalence Rate,0.6888888888888889,0.005558919627070553,Destructive
Disconnected Youth,0.6190476190476191,0.050885741216391306,Destructive
Low Birthweight,0.4666666666666667,0.06034053291564655,Destructive
Younger Than 18,0.4666666666666667,0.06034053291564655,Destructive
Prev Hospital Stays,0.4222222222222222,0.08924164599420333,Destructive
