chr_code,kendall_cor,kendall_p,DIR
Severe Housing Problems,0.8095238095238095,0.010674018118313726,Destructive
Overcrowding,0.7142857142857143,0.02427064037700217,Destructive
Food Insecure,0.7142857142857143,0.02427064037700217,Destructive
Presence Of Violation,0.6900655593423541,0.052807511416113666,Destructive
Clinical Care,0.6190476190476191,0.050885741216391306,Destructive
Children In Poverty,0.6190476190476191,0.050885741216391306,Destructive
Dentist Rate,0.5238095238095238,0.09852102062039898,Destructive
Inadequate Facilities,0.5238095238095238,0.09852102062039898,Destructive
Amer Indian/Alaskan Native,0.5238095238095238,0.09852102062039898,Destructive
Female,0.5238095238095238,0.09852102062039898,Destructive
Free Or Reduced Lunch,0.5238095238095238,0.09852102062039898,Destructive
Pct Uninsured,0.5238095238095238,0.09852102062039898,Destructive
Uninsured Adults,0.5238095238095238,0.09852102062039898,Destructive
Uninsured Children,0.5238095238095238,0.09852102062039898,Destructive
Prev Hospital Stays,0.5238095238095238,0.09852102062039898,Destructive
Socio-Economic,0.5238095238095238,0.09852102062039898,Destructive
20th Percentile Income,-0.6190476190476191,0.050885741216391306,Protective
Non-Hispanic White,-0.6190476190476191,0.050885741216391306,Protective
Lack of Exercise Opps,-0.7142857142857143,0.02427064037700217,Protective
